ID,DHI,DNI,WS,RH,T,TARGET
1,0.31565025716385015,0.885087257561647,3.1291666666666664,-0.5634540836953315,-0.1064087254635633,33.65901389975
2,0.07523879500367377,0.7560837348665829,3.06875,-1.0303010383121147,0.3174788259052173,20.747730888895834
3,0.14871418074944892,0.6280924808681216,1.5479166666666666,-1.1901281252946372,0.4111556328375446,18.263065237729165
4,0.821307861866275,0.28379965177956834,3.0208333333333335,-0.21804895286151063,1.308111059214578,21.072718386583333
5,0.1745775165319618,0.5928655302263433,2.05625,0.28693431310595086,-0.31249770071468325,16.076963309270834
6,0.6939015429831008,0.4739846944973073,1.3625,1.3469090476851322,0.6195865282619726,25.417504697041668
7,0.4417340191036003,0.28878001376685425,3.060416666666667,0.7481020536701041,0.7554178983138471,14.677655813166666
8,0.11359294636296842,0.8554885208729804,1.1312499999999999,-1.823368271908217,1.0879705629236087,27.039821098895832
9,0.5501836884643645,0.7263230351864598,2.3541666666666665,-1.545786960404304,1.7179470895435094,32.1142779305625
10,0.12608376193975024,0.0027938616026238,2.4875000000000003,1.6142833333848658,-1.0384929544402193,3.1868821178541666
11,0.09360764144011759,0.41806697169696716,2.7708333333333335,0.036784383450771035,-1.150905122759012,9.812626919104167
12,0.7998530492285085,0.2573187026764384,1.6791666666666665,0.8300850094052002,1.2753241767882633,19.555959724708334
13,0.5038941954445262,0.5384864558448393,1.5354166666666667,-0.3086051878924952,0.057525686668009224,23.102036322041666
14,0.15135929463629683,0.2896708102198647,3.3874999999999997,1.2212194829806133,-0.7106241301770739,8.314666457958333
15,0.49889786921381346,0.3635259343240069,2.1437500000000003,0.3080641012798473,1.0481579199773698,17.932059904750002
16,0.11623806024981632,0.829533951492084,2.004166666666667,-1.0104938068354061,1.0083452770311307,25.95334641572917
17,0.1425422483468038,0.7691217556788273,1.8375000000000001,-0.8818634984159636,0.4017879521443118,23.712764546125
18,0.8332108743570906,0.32680082601125643,2.1083333333333334,0.8446331330742669,0.7694694193536962,23.911849363749997
19,0.14533431300514327,0.7353929627080211,2.0145833333333334,-0.5145817238615992,0.8912492683657215,23.100130276937502
20,0.05789860396767084,0.769000283435235,1.8958333333333333,-1.9209107181984655,0.6687668519014444,19.922031152916666
21,0.40646583394562824,0.3928817265254889,3.7125,-0.7342817305003464,0.7460502176206143,16.151554281729165
22,0.7448934606906688,0.10325140705348826,1.90625,1.104445506364197,0.9521391928717343,15.248652691125
23,0.6273328434974285,0.02660242134672227,2.2666666666666666,1.21063902940311,1.0832867225769927,10.817190081729166
24,0.7109478324761206,0.0902943677369721,3.9333333333333336,2.112731613319163,-0.08298952373048162,14.110560411541668
25,0.02659808963997061,0.7151880795238288,1.5041666666666667,-1.4203463475486677,-0.413200268166935,15.367300424875
26,0.1512123438648053,0.2340770134024375,2.4833333333333334,0.6450048692516667,-0.04083496061093437,7.313122730041666
27,0.2645113886847906,0.6397538162529861,3.6979166666666665,0.00454511902049603,-0.3569941840075387,21.312502174520834
28,0.12975753122703892,0.3587480260760416,4.7625,-0.35150270335304973,-0.8511393405755648,9.937642338854166
29,0.20646583394562823,0.021419605620115804,2.3937500000000003,2.8674447026968157,-0.4319356295534005,4.4066305445625
30,0.734019103600294,0.053042879701988094,2.3229166666666665,1.4458362886347895,-0.8815843028285711,13.149852504499998
31,0.5692872887582662,0.3336842531481556,2.629166666666667,-0.6404424429622241,0.13246713221387113,18.146463516020834
32,0.004996326230712722,0.6031906709316921,2.3,0.7575933429087467,-0.9658934290676657,11.233791414270833
33,0.6230712711241736,0.3691946390249828,2.025,-0.043611504247699946,0.28703386365221106,20.408160612625
34,0.3716385011021308,0.6946997611045875,2.56875,-0.9071632300586412,1.495464673079232,29.9179103204375
35,0.6139603232916974,0.40660809005142323,3.0124999999999997,-0.7144900585141929,1.2425372943619486,21.060600765645834
36,0.1757531227038942,0.24525245981293273,1.1208333333333333,1.540531348153445,-1.6473921995003462,7.2166190631875
37,0.3416605437178546,0.09110418269425435,1.5333333333333332,0.8627754990615748,0.5165420406364127,7.3732874355
38,0.17002204261572373,0.335263392314856,2.464583333333333,0.5907178067047405,-2.628656752116474,8.822871761729166
39,0.07685525349008084,0.002955824594080252,2.1729166666666666,1.4716961619374522,-1.7246755652195163,2.5280431221875
40,0.13181484202792065,0.7846702028586467,2.254166666666667,-1.176264619209997,0.7624436588337716,24.691440053333334
41,0.5894195444526085,0.5341134550755152,2.025,-0.9555688051757198,0.41583947318416087,24.325162952708336
42,0.13313739897134463,0.6312102684536582,3.75625,-0.6427141285832763,-0.5115609154458786,17.187714232166666
43,0.28038207200587806,0.022593837308175078,2.1416666666666666,1.512057480437517,-1.4272517032093772,5.6875621388125
44,0.4806759735488612,0.6643317002065028,1.7458333333333333,-0.22953185689121197,0.8818815876724889,29.570098887416666
45,0.22777369581190304,0.8250394784791674,2.2312499999999997,0.1876803228546357,0.4369167547439345,30.00561004533333
46,0.6790595150624542,0.2172733530388306,2.220833333333333,0.1032078486307154,-1.64270835915373,15.71179497925
47,0.9614988978692142,0.39782159776491066,3.3229166666666665,-0.356575097274029,0.6921860536345262,26.9339883469375
48,0.3476855253490081,0.8443940559582134,1.9854166666666666,-0.030914959954696244,0.22380201897289018,33.796619631625
49,0.6645113886847908,0.5314815564643478,1.6479166666666665,-0.9482558446147976,1.4134974670134461,26.713151664999998
50,0.10551065393093316,0.7533303640118233,2.8541666666666665,-1.2146187634284467,-0.270343137595136,21.421848885499998
51,0.11227038941954447,0.79730331619225,2.033333333333333,-1.8615045832588948,1.1863312102025523,24.313040754375
52,0.10742101396032332,0.41936267562861884,1.8062500000000001,-0.8846330877347812,-0.12982792719664515,10.847562111604168
53,0.7769287288758268,0.28003401222820584,2.158333333333333,1.331956377261631,0.9544811130450424,21.263017116562498
54,0.05011021307861867,0.5900311778758552,1.4645833333333333,-1.0867975485178722,-0.633340764457904,12.79513028
55,0.8928728875826598,0.32667935376766405,2.0166666666666666,-1.363912075305131,1.5095161941190811,23.483978500854167
56,0.062160176340925785,0.7479855852937604,1.4437499999999999,-1.701490782389711,0.7038956545010671,19.442998884291665
57,0.3920646583394563,0.2872818560958821,2.1708333333333334,-0.2517041309323037,0.5469870028894191,13.370284822354167
58,0.3955914768552536,0.15001822083653885,3.1437500000000003,-1.2026379557009792,-0.024441519397777035,9.696091548666667
59,0.672593681116826,0.3604486374863343,1.4645833333333333,0.07199551057708004,1.1160736050033069,20.984844080937503
60,0.3003673769287289,0.3911001336194679,3.127083333333333,0.48393302302473173,-0.905003504561653,13.002994030354166
61,0.13725202057310798,0.7300481839899582,2.6125000000000003,-0.39835232941461257,-1.1696404841454775,20.383751863562498
62,0.5100661278471713,0.6130299226626715,1.4854166666666666,0.4873716704374204,1.1652539286427785,28.674204649729166
63,0.18265980896399703,0.011823298376321009,1.8416666666666668,0.995451275025357,-1.3382587366236665,3.994407098020833
64,0.04864070536370317,0.410130785115601,3.235416666666667,0.18918959343848515,0.0762610480544748,11.293146576041666
65,0.3760470242468773,0.4053933676154998,1.5645833333333332,-0.15805155728084352,-0.7996170967627849,16.12876709025
66,0.44217487141807493,0.43891970684698545,2.7916666666666665,-0.31792532273503127,0.2846919434789028,19.5166093003125
67,0.49478324761205,0.0614649552577236,2.1,-0.14398577781898608,1.5329353958521632,10.5994331489375
68,0.019838354151359275,0.5949710491152771,2.2125,0.16670612958629066,-0.47643211284625586,11.625822672166668
69,0.21396032329169729,0.8761388022836781,2.5729166666666665,-0.7142099876841999,1.3666590635472824,32.26237598797916
70,0.6374724467303454,0.47447058347167664,2.627083333333333,1.1440755288081694,-0.13451176754326147,25.284264516666667
71,0.255547391623806,0.8204235332226585,4.0874999999999995,-0.41825291783465257,0.2846919434789028,29.839833924625
72,0.3337252020573109,0.31805482447260797,2.0708333333333333,0.8007709291992938,-0.905003504561653,12.684279890208332
73,0.13328434974283615,0.43584241000931284,1.7249999999999999,0.8594768870638824,-1.3242072155838174,11.337962450625
74,0.6899338721528289,0.28165364214277033,2.0854166666666667,0.3548670488697447,0.6195865282619726,20.2839708516875
75,0.13563556208670097,0.3329149289387374,3.36875,-0.5650567112225122,-0.7972751765894767,8.8757289836875
76,0.6499632623071273,0.4408227719965987,2.120833333333333,-0.8315596654511569,0.37836875041123014,21.27558360158333
77,0.11520940484937549,0.3942584119528687,4.060416666666667,-0.2679171200907723,-1.476432026848849,9.196985484375
78,0.8711241734019106,0.21605863060290723,2.4833333333333334,0.9961670115908944,0.15822825412026106,21.024109075125
79,0.8793534166054373,0.11406243673320644,1.1916666666666667,2.012248423313991,0.8116239824732435,16.69359911766667
80,0.19132990448199855,0.8339069522614082,2.5208333333333335,-1.4450703780408043,-0.024441519397777035,28.018243555145833
81,0.3080088170462895,0.39276025428189654,5.8,0.4453766054290649,-0.6473922854977531,13.905886425
82,0.17354886113152096,0.33076891930193947,4.8625,0.34546911657443286,-0.9893126308007476,9.337502830125
83,0.05216752387950037,0.6644936631979591,2.527083333333333,-0.42744857675274706,-1.4272517032093772,14.315537860291668
84,0.1106539309331374,0.17127586346519819,6.95,0.43814144232091884,-1.1977435262251757,5.296565543354166
85,0.4878765613519472,0.6001538648418836,2.225,-0.14680204560946924,1.3947621056269806,27.018306751583335
86,0.08772961058045554,0.4587601733004008,2.36875,1.3330144226193814,-0.9729191895875903,10.2778444180625
87,0.1475385745775165,0.046847795278778796,3.5124999999999997,1.3832715771125226,-1.5068769891018554,4.090232485854167
88,0.15062454077883908,0.04733368425314815,2.7291666666666665,1.100866823536512,-0.581818520645124,3.825942784520833
89,0.06465833945628215,0.5543993197554358,1.8791666666666667,-1.3009272575378752,-0.5396639575255767,13.140984916708334
90,0.2368846436443791,0.052354536988298166,3.435416666666667,0.5153943129272494,-0.6380246048045205,5.644030326645833
91,0.18853783982365907,0.4352755395392153,3.3833333333333333,-0.4239788103589481,-0.49516747423272134,14.917887840125
92,0.10433504775900075,0.6920273717455561,5.51875,-0.1677917983683689,-0.20711129291581512,18.5361541765625
93,0.17105069801616463,0.1483581001741102,3.6125000000000003,-0.2828386715331634,-0.8745585423086466,6.477132174104167
94,0.3050698016164585,0.8533020204883184,3.0833333333333335,-2.0000774061430797,1.4978065932525406,34.31770420379166
95,0.8280675973548862,0.4116289427865732,3.5895833333333336,-0.30963211426913534,-0.09938296494363875,23.075362373333334
96,0.09287288758265981,0.009515325748066565,1.1624999999999999,1.514749272303558,-1.1368536017191628,2.8955178860625
97,0.09992652461425423,0.7227193586265538,1.6041666666666667,-0.5579304645482521,-0.02209959922446879,19.575499526937502
98,0.5734019103600295,0.2135077134874681,2.2125,-0.022450597092693245,-0.1462213684098024,15.394437245666666
99,0.13313739897134463,0.4412276794752399,1.1937499999999999,0.9944710271203823,-1.1040667192928482,11.308498546520832
100,0.24290962527553273,0.35619710896060247,1.1458333333333333,0.8052365029886226,-0.4881417137127968,11.639790665479167
101,0.09140337986774431,0.7741021176661133,2.2354166666666666,-1.5090043247319245,0.7858628605668534,22.449395737770832
102,0.16032329169728143,0.6365550471717212,3.2458333333333336,-0.02199937186659424,-0.6473922854977531,17.397226484458333
103,0.6233651726671566,0.08418026480949102,2.7729166666666667,0.5360261974033813,-1.2094531270917164,11.406296975666665
104,0.8170462894930199,0.065190104061222,2.220833333333333,2.2428556328319003,-0.970577269414282,14.657518137333334
105,0.22204261572373257,0.03518645989391424,1.3145833333333334,1.1330127310234568,-1.567766913607868,5.116681721041666
106,0.10859662013225573,0.852856622261813,1.84375,-0.7202937484912647,-0.28205273846167694,25.364484410208334
107,0.7528288023512125,0.4353565210349435,1.84375,-0.0840039417288752,-0.4530129111131741,23.791794750250002
108,0.6439382806759737,0.5099809693485038,1.5520833333333333,0.7812126495714674,0.22380201897289018,25.056844591333334
109,0.3759000734753858,0.3789934000080981,4.54375,-0.20169592828804525,-0.42022602868685954,14.767720115041667
110,0.1728141072740632,0.2005506741709519,2.0833333333333335,2.077536045683409,-1.3523102576635155,7.45115001575
111,0.2708302718589273,0.9472405555330605,3.1458333333333335,-2.0133963300582898,0.7085794948476836,35.79464267177084
112,0.27803085966201324,0.7975867514272987,2.5541666666666667,-0.030059187974162595,-1.0665959965199174,27.193010367354166
113,0.125495958853784,0.251083127505365,2.1041666666666665,0.6329929425430886,-0.9752611097608984,7.053878814937501
114,0.6811168258633359,0.5921366967647892,1.9583333333333333,-0.8885851983357895,1.3596333030273577,27.190051222645835
115,0.12402645113886847,0.5525367453536867,1.6624999999999999,1.1602107205138623,-0.9612095887210493,15.243543046979168
116,0.7637031594415873,0.25084018301818034,1.8354166666666665,-0.21618181399489195,1.4556520301329934,19.39888896525
117,0.621601763409258,0.5350042515285256,2.1354166666666665,0.76400385301747,0.6195865282619726,26.35568712341667
118,0.38618662747979426,0.49552577236101547,3.5875,-0.3519383690885936,0.9989775963378981,20.3732625664375
119,0.05598824393828068,0.7187107745880066,2.5083333333333333,-0.3356631419679045,-0.7457529327766966,17.522211434979166
120,0.042615723732549585,0.0008098149572822609,3.1479166666666667,2.133721366078063,-0.2914204191549096,2.0370427381458334
121,0.4975753122703895,0.12714094829331496,1.375,1.8282730069898732,-0.11343448598348783,12.284587945854168
122,0.03350477590007346,0.7114224399724662,2.69375,0.4082516609644718,-0.38978106643385324,16.274408262770834
123,0.18750918442321823,0.6854273798437057,1.6479166666666665,-1.1246537890385573,1.572748038798402,27.124657404229165
124,0.5826598089639972,0.34409037534923265,3.564583333333333,0.3095889313542524,-0.8698747019620302,18.6685615665
125,0.6205731080088172,0.387901364538203,2.3125,-0.013690603910142622,1.090312483096917,20.199051477125
126,0.4337986774430566,0.6559096246507673,2.4812499999999997,-0.7138210004203209,0.6359799694751299,29.498298663854168
127,0.2119030124908156,0.6817022310402072,1.7145833333333333,-0.4105976484815178,-0.45535483128648224,19.969412701083332
128,0.0674504041146216,0.6577317083046523,1.3604166666666666,0.05159701845927562,-1.061912156173301,14.572973560333333
129,0.1570903747244673,0.5578815240717496,2.564583333333333,-0.33238008946076825,-0.7059402898304576,15.270238440145834
130,0.8048493754592213,0.42320929667570956,3.079166666666667,0.8766856836178808,0.6476895703416707,25.509256219583335
131,0.5701689933872155,0.20524760092318903,2.091666666666667,1.3828359113769788,-0.5256124364857276,14.504069136104166
132,0.4077883908890522,0.07170911446734421,2.7145833333333336,0.8030892932920115,0.7202890957142244,7.830793130812499
133,0.023512123438648072,0.6516176053771712,2.2062500000000003,-0.5700668671812709,-1.0525444754800684,12.881774005041665
134,0.06774430565760471,0.7216665991820868,3.6145833333333335,-1.7260747774668512,0.7343406167540735,18.608498321104168
135,0.3609110947832476,0.04336559096246507,2.735416666666667,0.9312528169947994,-1.965893343070259,6.819923219791666
136,0.1418074944893461,0.42713689921852854,3.033333333333333,0.5446617146614898,-0.841771659882332,9.255078867145833
137,0.43262307127112426,0.3620682674008988,2.5812500000000003,-2.098133315621648,1.0598675208439106,19.835070774125
138,0.3992652461425423,0.33348179940883504,2.533333333333333,0.8111335499090252,-1.022099513227062,14.123503176895833
139,0.2881704628949302,0.470300036441673,1.9979166666666668,-0.23826073109265286,-0.02209959922446879,14.915364925916668
140,0.5406318883174138,0.34097258776369593,1.5395833333333335,0.32093179996895804,1.481413152039383,18.978892498187502
141,0.4670095518001471,0.5126533587075353,1.8166666666666667,-0.3830729096894533,1.080944802403684,21.553749631875004
142,0.125495958853784,0.867149856257845,2.0375,-0.6717948164308556,-0.12046024650341237,26.982968782916668
143,0.43570903747244677,0.30031987690812645,6.916666666666667,-1.0567988507275392,-1.216478887611641,14.098813742520834
144,0.11667891256429098,0.7787180629226221,1.9208333333333334,-1.4418962419675534,0.9006169490589545,23.428403778666667
145,0.37736958119030123,0.029963153419443653,2.160416666666667,0.6144615892919023,0.6195865282619726,7.418243747895833
146,0.18074944893460693,0.03235210754342632,3.49375,0.7847446539274868,-0.7480948529500049,4.5042853984375
147,0.36105804555473914,0.2694254362878082,1.8729166666666668,1.2610206598206923,-1.8698746159646233,11.987550466520835
148,0.5246142542248348,0.7354334534558852,1.8583333333333334,-1.7891996306491031,1.7156051693702015,30.17548381635417
149,0.7985304922850845,0.14815564643478965,3.483333333333333,-0.27964897596935695,0.9942937559912816,17.65495608266667
150,0.44687729610580457,0.7162813297161598,2.5729166666666665,-1.3227572227867535,1.322162580254427,29.932860612499997
151,0.029537105069801603,0.6129894319148074,1.3499999999999999,-0.06239180934776896,-0.905003504561653,12.599987505541668
152,0.28802351212343863,0.3906952261408268,3.94375,0.4860179947591218,-0.07830568338386512,13.079933959062501
153,0.05290227773695812,0.6777341377495241,4.291666666666667,0.4743328173522031,-0.7691721345097785,15.321460160104166
154,0.5391623806024982,0.5043932461432562,3.6333333333333333,-0.4268573161116513,0.15822825412026106,24.5093611875
155,0.732402645113887,0.6440458355265821,3.1833333333333336,-1.6202235632201514,1.5282515555055467,30.98308320552083
156,0.3689933872152829,0.16925132607199253,2.80625,0.7550260269671468,-1.9260807001240197,10.161340332520833
157,0.17927994121969143,0.998258897841843,2.6416666666666666,-1.693290930867146,1.2846918574814958,35.96797535147917
158,0.43027185892725933,0.5719318135805967,2.1354166666666665,-0.480879867319139,0.8280174236864006,24.904291939479165
159,0.2260102865540044,0.40919949791472643,3.7604166666666665,-0.13449448858034346,-0.45067099093986596,11.962131398416666
160,0.47127112417340195,0.22739604000485886,2.49375,0.4843220102886107,0.40881371266423633,13.833698361187501
161,0.805584129316679,0.3244118718872737,2.0729166666666665,0.474037187031655,1.3830525047604394,22.865183959666666
162,0.4828802351212345,0.5810017411021581,2.9583333333333335,-0.6371438309645321,0.30108538469206014,25.5584097968125
163,0.10227773695811902,0.401506255820545,1.9708333333333332,-0.11376924716088115,-0.9471580676812003,9.349126100479166
164,0.621307861866275,0.3457504960116613,2.80625,0.6686397354049425,-0.4623805918064068,19.211335777479167
165,0.08772961058045554,0.442361420415435,3.1687499999999997,-0.4449530036272931,-1.0665959965199174,10.078352680437499
166,0.10624540778839088,0.4213467222739603,2.0833333333333335,0.35919258724407727,-1.0572283158266846,9.621143504854167
167,0.024687729610580453,0.6176053771713162,1.59375,-0.30236583217987956,-1.0127318325338293,11.951224310708334
168,0.40955180014695075,0.6084139774061627,4.03125,-0.5368006763743557,-0.15793096927634334,21.616894924604168
169,0.22101396032329168,0.2531076648985706,4.427083333333333,0.775113329273848,-0.16964057014288428,8.828205601354167
170,0.40279206465833944,0.5693404057172935,3.033333333333333,0.18876948719349643,-0.5490316382188095,23.2638216681875
171,0.2987509184423218,0.037210997287119886,2.089583333333333,1.1247817605197814,-1.2890784129841946,6.219361148604167
172,0.05187362233651728,0.618941571850832,1.7750000000000001,-1.068561825587234,-0.670811487230835,13.0258524085625
173,0.19794268919911834,0.6110053852694659,4.022916666666666,-0.1144849837264175,-1.1485632025857038,19.0247060778125
174,0.48758265980896404,0.275094140988784,2.1666666666666665,-0.41693036113746423,-0.17198249031619242,13.928627613875
175,0.4643644379132991,0.4809086123820706,3.283333333333333,0.7202350060858266,-1.0923571184263074,21.582086953875002
176,0.2708302718589273,0.6673280155484471,3.1520833333333336,0.3878376093561122,1.1886731303758606,25.921827390125
177,0.49448934606906697,0.5435073085799894,2.620833333333333,-1.200661900400475,1.6055349212247167,26.020667700187502
178,0.11726671565025716,0.1076648985706766,3.00625,0.06690755716554568,-2.012731746536422,4.170653733895834
179,0.23850110213078624,0.3865651698586873,4.439583333333333,0.4052486792873275,-0.5326381970056522,12.212685917208333
180,0.20675973548861132,0.8794995343563994,1.9979166666666668,-0.45912769952303706,0.3151369057319092,31.7785021028125
181,0.2847905951506246,0.24444264485565045,1.5770833333333334,0.12461770763460432,0.5540127634093437,11.536806118854166
182,0.3174136664217488,0.6438433817872615,2.222916666666667,-1.4115552353850063,1.5469869168920123,22.830867867062498
183,0.3478324761204996,0.197351905089687,1.3708333333333333,-0.06520807713825158,-0.30313002002145056,11.068564715666668
184,0.15194709772226306,0.1558488885289711,1.6583333333333332,1.228112337296546,-1.2117950472650247,5.5897152776875
185,0.1097722263041881,0.5998704296068347,5.1499999999999995,0.6352490686735857,-1.1157763201593893,14.761183069020833
186,0.03747244673034532,0.6461918451633801,1.5062499999999999,-0.8884607224113483,-0.17900825083611696,14.489364289395832
187,0.22145481263776634,0.9186135967931326,1.9916666666666665,-0.22990528466453636,1.169937768989395,34.565423990166664
188,0.20161645848640702,0.0328784872656598,3.783333333333333,1.9062260546711842,-1.4975093084086226,4.633854572791667
189,0.5275532696546658,0.6146900433251001,2.24375,-0.17582049549482698,1.1746216093360116,30.099095673270835
190,0.06407053637031597,0.6674899785399036,4.66875,0.43728567034038573,-0.6918887687906086,15.8513711735
191,0.4919911829537105,0.12151273434020325,0.9791666666666666,1.3575517392248562,0.07860296822778284,11.1071692634375
192,0.3779573842762675,0.3054622018868688,2.1729166666666666,1.0077588320544817,-1.8675326957913154,12.493802926291666
193,0.6160176340925791,0.6077256346924726,1.7020833333333334,-0.14148069983960676,1.1652539286427785,29.2097207976875
194,0.5992652461425424,0.5858201400979876,2.81875,-0.7285091595043849,1.6406637238243396,26.5773609366875
195,0.6054371785451875,0.31914807466493905,2.1041666666666665,-0.8056375541862737,1.5329353958521632,18.743993731541668
196,0.3779573842762675,0.03372879297080617,3.0437499999999997,1.1474052597869722,-0.5326381970056522,7.256993556916666
197,0.20529022777369582,0.803053002388954,1.4875,-1.3644410979840063,-0.4178841085135514,28.01154383191667
198,0.8336517266715653,0.24930153459934404,3.2895833333333333,0.4289302239122687,0.1301252120405629,20.914530756770834
199,0.13475385745775165,0.6691500992023323,1.9645833333333333,-0.16855421340557172,-0.4928255540594132,17.819331253208333
200,0.6561351947097724,0.6689881362108757,2.2624999999999997,-1.2296181123236134,1.1277832058698478,31.4053152635625
201,0.11535635562086703,0.8219621816414948,1.4270833333333333,-1.171659010005672,-0.005706158011311655,24.9884410281875
202,0.12079353416605441,0.3715431024011013,1.75,0.9022966050716612,-0.7832236555496276,9.992099201166667
203,0.6815576781778105,0.2172733530388306,1.5541666666666665,0.02803994975877555,-0.05488648165078345,16.976050769020834
204,0.20484937545922116,0.46459084099283304,2.4270833333333335,0.9443383485516822,-1.1930596858785594,12.956491473
205,0.2959588537839824,0.25748066566789485,4.110416666666667,-0.14054713040629743,-1.3406006567969746,9.37681767325
206,0.5584129316678914,0.5430619103534842,2.46875,0.27045681260804494,0.6547153308615953,26.410013732104165
207,0.6583394562821456,0.11770660404097662,2.05625,1.1859461178920838,-0.09704104477033071,13.652763568104165
208,0.4570168993387215,0.09879742478843584,1.8625,0.15293598044498138,0.4228652337040854,9.795338887083334
209,0.10007347538574578,0.4312264647528039,7.2250000000000005,1.4401415150916037,-0.5490316382188095,10.203110814166665
210,0.525202057310801,0.6276875733894803,2.1374999999999997,-1.5462693046115137,1.0153710375510552,29.575637326749998
211,0.05216752387950037,0.613232376401992,1.8020833333333333,-0.2539446975722457,-0.5935281215116649,13.318955087041667
212,0.2527553269654666,0.36384986030691985,1.0041666666666667,0.9792071668857781,-0.8722166221353385,12.303263821270834
213,0.26803820720058785,0.007895695833502045,2.8979166666666667,1.6405010749702966,-0.7504367731233131,5.306026450208333
214,0.11947097722263046,0.6789893509333117,2.2958333333333334,0.3576677571696727,-0.48579979353948866,17.660728881
215,0.27656135194709774,0.12981333765234643,3.7687500000000003,1.173062859712418,-1.2375561691714145,7.888894936958334
216,0.07376928728875827,0.6295906385390937,2.65625,0.4395417964708828,-0.7574625336432377,14.930320632750002
217,0.6185157972079355,0.3258695388103818,3.4645833333333336,-0.6938270550569506,1.5376192361987793,18.947370550645832
218,0.16135194709772227,0.4415920962060169,3.0749999999999997,0.8829717178021629,-0.6614438065376022,12.363160412416667
219,0.05789860396767084,0.49516135563023844,2.685416666666667,-0.06453901904437959,-0.8300620590157912,9.948992595020833
220,0.011168258633357825,0.5998299388589706,1.3958333333333333,0.499492513579884,-1.422567862862761,11.404055390354166
221,0.16017634092578986,0.8481596955095759,4.464583333333334,-0.9048759849470338,-0.16261480962295974,28.110883285229164
222,0.2874357090374725,0.37044985220877025,2.9,0.7161117410887108,-1.2352142489981066,12.319281822979166
223,0.013960323291697274,0.6113698020002428,3.1166666666666667,-0.5353536437527269,-1.5630830732612517,11.277489041416667
224,0.6656869948567231,0.1707089929951006,1.4958333333333333,1.709491856091842,0.1652540146401856,14.641882088020834
225,0.0799412196914034,0.4288375106288213,2.3000000000000003,0.5493451213185916,-1.1462212824123956,9.851745027583332
226,0.33490080822924323,0.32692229825484875,1.3916666666666666,-0.7066791942555067,-0.4740901926729477,14.661773524395834
227,0.5609110947832477,0.5810422318500221,1.6916666666666667,-1.1750354194561397,1.558696517758553,26.14381448414583
228,0.13901542983100662,0.3006842936389035,2.627083333333333,0.04767602683937715,-0.9939964711473639,8.570879957625
229,0.13240264511388683,0.6548163744584362,1.8729166666666668,-2.1336400730685052,0.2191181786262737,18.177168121104167
230,0.678471711976488,0.24569785803943797,1.125,1.2390350996662622,1.0036614366845142,17.250029095854167
231,0.8032329169728143,0.4282301494108596,1.4645833333333333,-0.025500257241503465,0.7296567764074572,25.10819622075
232,0.06994856722997796,0.6974531319593472,4.108333333333333,0.03298786775531366,-0.5513735583921177,17.054905939145833
233,0.11961792799412198,0.6147305340729643,2.5208333333333335,-0.7545557466937097,0.5680642844491928,17.811358876479165
234,0.271565025716385,0.5471109851398954,1.9083333333333332,0.865591766852058,0.37836875041123014,18.206686580354166
235,0.040852314474651,0.7625217637769768,2.28125,-1.6277387971582897,-0.41085834799362686,18.406975054416666
236,0.010286554004408532,0.5609993116572862,1.6875,-0.08680465002880215,-0.7996170967627849,10.684089931666668
237,0.6186627479794271,0.24517147831720448,2.158333333333333,-0.9195485845405427,0.9404295920051933,16.190575913041666
238,0.24393828067597356,0.16313722314451146,2.71875,0.13603837370208618,-1.3874390602631381,8.287954240458333
239,0.691550330639236,0.2911284771429728,1.8916666666666666,-0.11322466499145026,0.5493289230627272,17.662877040229166
240,0.7221160911094784,0.02684536583390695,2.6875,1.9668925083457223,-1.0993828789462319,12.141250778999998
241,0.28434974283614994,0.53731222415678,1.6833333333333333,-0.8193610248559181,0.8771977473258724,18.025608640854166
242,0.4033798677443056,0.5662226181317568,3.185416666666667,-0.41027089917985937,1.064551361190527,21.614224265083333
243,0.0213078618662748,0.6250961655261772,1.5708333333333335,-1.5051455710742465,-1.4834577873687735,11.6564959491875
244,0.6342395297575314,0.4080252662266672,2.0395833333333333,-0.2555940035710919,1.1465185672563134,21.133387327083334
245,0.6508449669360766,0.41851236992347246,1.3104166666666666,1.366856314576837,-0.029125359744393328,23.605173322333332
246,0.6280675973548863,0.634732963517836,2.347916666666667,-1.1915284794446013,1.5259096353322388,29.46655224072917
247,0.4655400440852315,0.12009555816495929,2.94375,0.9294945945620667,-2.214136881440926,10.578450369395833
248,0.30859662013225575,0.8987326395918532,2.0708333333333333,0.7195348290108454,0.4322329143973182,34.333366081354164
249,0.5914768552534903,0.22682916953476126,1.2104166666666667,-0.6449080167515523,1.001319516511206,14.849600263666666
250,0.5623806024981632,0.6220188686885046,2.8854166666666665,0.6631472352389735,0.04113224545485209,28.50561463847917
251,0.37810433504775903,0.48354051099323797,1.8812499999999999,0.7565352975509964,1.1746216093360116,26.530164822645833
252,0.05966201322556945,0.6143661173421873,1.79375,-0.18731895901508505,-0.5326381970056522,13.780345412604168
253,0.31124173401910366,0.29343644977122724,2.3000000000000003,0.1487349179950899,-0.4366194699000169,10.773570861041668
254,0.13196179279941217,0.594930558367413,1.84375,-1.3220103672401062,0.36431722937138106,16.408095500645832
255,0.1309331373989714,0.38097744665343963,3.2104166666666667,0.17874917527597806,-1.682521002099969,10.251201818124999
256,0.39456282145481264,0.6161072195003441,2.316666666666667,-1.6980210159959122,1.3010852986946533,26.357356402708334
257,0.16296840558412934,0.4284730938980443,1.6708333333333334,-0.7756699753770505,-0.1860340113560415,11.646938242729165
258,0.6290962527553271,0.4829736405231404,2.1374999999999997,-0.38934338438317917,1.4275489880532952,26.33785727564583
259,0.5429831006612786,0.2852573187026764,1.9208333333333334,-1.369357896999434,1.1512024076029295,15.738493551145835
260,0.6293901542983102,0.2672389359031461,1.8083333333333333,1.245041063020552,1.2612726557484142,18.275697944833333
261,0.2255694342395298,0.02299874478681621,1.8395833333333333,2.4248705533460684,-1.1883758455319429,4.8859103223125
262,0.7851579720793536,0.32352107543426323,1.8833333333333335,0.907197844596534,-0.005706158011311655,20.248602327979167
263,0.3041880969875092,0.9003117787585536,3.11875,-2.197791852627397,1.790546614916063,33.83800497941667
264,0.06818515797207937,0.4673442118475928,1.7916666666666667,1.043094435105233,-1.2820526524642701,9.828503364333333
265,0.2855253490080823,0.18309916184151917,2.0625,1.507327395308751,-0.3429426629676896,9.219502627625
266,0.383982365907421,0.2133052597481475,2.8041666666666667,0.9009429293933632,-0.3640199445274632,11.201554035958333
267,0.4426157237325496,0.5593796817427217,2.0416666666666665,-0.1246764500400424,0.6804764527679854,24.050990468833334
268,0.48993387215282885,0.11624893711786856,1.6416666666666666,0.702232675513515,0.2987434645187519,10.160841275729167
269,0.18354151359294635,0.6209256184961736,1.9958333333333333,-1.384699554686814,1.1675958488160871,21.244344894
270,0.5285819250551066,0.2842855407539377,2.504166666666667,-0.26471186503641125,1.3526075425074333,17.886410809479166
271,0.659515062454078,0.2269101510304895,1.53125,-0.2272757307607154,0.9591649533916589,16.198391348270835
272,0.05995591476855254,0.6421427703769688,2.61875,-1.030970096405987,0.05518376649470118,14.733338014270833
273,0.26304188096987513,0.7230837753573308,1.55,-1.2670698060898644,0.3151369057319092,25.626768860291666
274,0.24305657604702424,0.9339595902336315,2.2020833333333334,-0.7316832955776357,1.4416005090931443,35.18376410225
275,0.8768552534900811,0.3769688626148925,2.2270833333333333,-0.28831561220857727,1.3502656223341252,25.609089142374998
276,0.6011756061719326,0.43499210430416646,2.0541666666666667,1.097817163387703,0.8701719868059479,21.703099584875
277,0.8643644379132992,0.23938130137263633,2.3520833333333333,-0.13125811454487157,0.8420689447262497,18.73575300525
278,0.8274797942689202,0.23674940276146897,2.441666666666667,1.2317688175770065,-0.12748600702333693,19.230464254208332
279,0.7462160176340927,0.45920557152690605,2.06875,0.7823640518725486,1.0317644787642124,25.824808486770834
280,0.14768552534900808,0.30716281329716155,3.0395833333333333,0.9827391712417977,-1.0384929544402193,8.506410164958334
281,0.6290962527553271,0.4868607523180953,2.225,-1.4855094939936448,1.6102187615713333,23.722366536541667
282,0.7490080822924321,0.5120459974895736,1.7541666666666667,-0.5028965464546794,1.1746216093360116,27.718294073312503
283,0.06289493019838353,0.7187107745880066,2.797916666666667,-0.8433537592919621,0.3104530653852927,18.6112948294375
284,0.11565025716385012,0.44179454994533746,1.4291666666666665,0.7489733851411918,-1.95184182203041,9.8778518290625
285,0.1406318883174137,0.0009717779487387131,3.7229166666666664,1.2330913742741954,-1.3476264173168992,3.331624877125
286,0.6912564290962528,0.44641049520184634,2.2875,-0.006735511631990123,0.8327012640330171,22.62948265452083
287,0.31447465099191774,0.3603676559906061,1.3708333333333333,-0.3825127680294678,-0.944816147507892,13.1692486444375
288,0.2326230712711242,0.011296918654087539,3.9458333333333333,1.9422773942874718,-0.5841604408184322,4.922676745458333
289,0.12226304188096988,0.03798032149653804,2.1166666666666667,1.828132971574876,-0.1907178517026579,3.417212152
290,0.5769287288758267,0.2991861359679313,1.4520833333333334,0.060792677377370104,0.06923528753455026,17.753874756625
291,0.23952975753122702,0.2580880268858565,3.1166666666666667,0.3400855328423504,-0.9377903869879675,9.141781798125
292,0.36267450404114626,0.4936631979592662,2.8020833333333335,-0.9182882658055754,1.6992117281570438,22.367439696479167
293,0.36590742101396034,0.669433534437381,2.63125,-1.6579553278163952,0.5376193221961864,26.867486896708332
294,0.7052167523879502,0.3319431509899987,1.9333333333333333,-1.3801873024258202,1.296401458348037,21.0445342466875
295,0.1030124908155768,0.7787180629226221,1.9000000000000001,-1.0663368184378472,0.89359118853903,23.226914031166668
296,0.13975018368846442,0.09414098878406282,1.5020833333333332,2.0180521132910627,-1.0033641518405967,5.325663523729166
297,0.1932402645113887,0.8224885613637283,2.566666666666667,-0.12593676877500962,-0.09469912459702245,27.995488442916667
298,0.3203526818515797,0.33287443819087337,3.6041666666666665,-0.2617555618309324,-0.6380246048045205,12.0073378410625
299,0.8479059515062455,0.2637972223346965,2.0541666666666667,-0.5288497767006733,1.3596333030273577,20.0658116826875
300,0.7694342395297578,0.42474794509454583,2.4854166666666666,0.6543716825658682,0.35963338902476455,24.2196519683125
301,0.10595150624540782,0.8609142810867715,1.7333333333333334,-1.8397212964816818,1.0200548778976717,26.789682524395833
302,0.07024246877296107,0.5568287646272826,2.0875,-0.6328805305524201,-1.1626147236255528,11.2729835881875
303,0.17398971344599562,0.5865894643074057,2.8312500000000003,-0.49664163125150806,0.3760268302379219,16.443331299666667
304,0.048787656135194715,0.4664534153945823,2.5458333333333334,0.2901551276508676,-1.3265491357571255,10.004303823645833
305,0.34959588537839825,0.19820221079483336,2.3833333333333333,0.7695274721645482,0.0715772077078583,10.630460037291668
306,0.23600293901542985,0.9281289225411993,2.4520833333333334,-0.6027884758187563,1.0692352015371436,34.87057969958333
307,0.17266715650257164,0.2795076325059723,1.7666666666666666,-1.0140258111914258,0.04113224545485209,8.898235835666666
308,0.19823659074210143,0.950236870875005,1.6958333333333335,0.3459359012910881,0.9193523104454197,34.867333813437504
309,0.20940484937545922,0.10049803619872859,1.7958333333333334,0.005883235208238423,-2.150905036761605,5.588317937125001
310,0.8695077149155034,0.04834595294975098,4.679166666666666,1.5952696359264702,-1.35933601818344,14.9669097680625
311,0.5878030859662015,0.18334210632870385,2.375,-0.6923489034542114,1.052841760323986,13.551539104145833
312,0.004702424687729606,0.5973600032392598,3.810416666666667,-1.5097822992596819,-0.8511393405755648,10.959778170749999
313,0.034974283614988985,0.6133538486455844,2.252083333333333,-0.4826536492424269,-2.230530322654083,11.7648863605625
314,0.12593681116825867,0.5574361258452443,2.6875,-0.2268089460440607,-0.3265492217545323,12.612798511604167
315,0.042615723732549585,0.6607685143944608,3.5229166666666667,-0.6474753326931527,-1.8370877335383087,14.1536364861875
316,0.05378398236590741,0.39195043932461426,2.84375,0.14414486828132048,-1.43661938390261,8.899909671041668
317,0.012931667891256438,0.6152569137951978,3.9499999999999997,-0.45862979582527214,-1.15324704293232,11.380453798520833
318,0.3135929463629684,0.19212859861521642,2.025,0.7790343208937459,-0.5794766004718158,9.401619913833335
319,0.6189566495224101,0.1459286553022634,3.141666666666667,1.8024131336872105,-1.1883758455319429,14.169071395291667
320,0.6008817046289494,0.38024861319188563,3.3687500000000004,0.02635952477881906,0.5657223642758845,20.734017967333333
321,0.007200587803085967,0.6093857553549014,2.064583333333333,-0.19105323674832084,-1.2258465683048738,11.245757423833332
322,0.6561351947097724,0.056808519253350606,1.7895833333333335,1.6494789010206197,-0.9003196642150365,12.1683771800625
323,0.03423952975753124,0.6981819654209013,2.5500000000000003,-0.030666008105813505,-0.10875064563687153,16.377395859708333
324,0.6380602498163117,0.3395959023363161,1.6833333333333333,-0.09933003992569987,1.258930735575106,18.8132836105625
325,0.2855253490080823,0.5144349516135562,4.2,-0.6487667704092303,-0.37104570504738776,16.3839398465
326,0.14959588537839824,0.36470016601206623,1.1104166666666668,0.5477736127725206,-1.5021931487552391,9.9362176878125
327,0.14680382072005882,0.3147345831477507,2.5229166666666667,1.6393496726692163,-0.7504367731233131,9.082927282520833
328,0.24893460690668628,0.9073571688869093,2.0791666666666666,-0.22666891062906447,0.9544811130450424,34.45069012995833
329,0.2962527553269655,0.4441835040693201,2.095833333333333,0.9363407704063338,-0.8862681431751875,14.901333997750001
330,0.5235855988243939,0.15734704619994327,2.7895833333333333,1.2213439589050545,-0.9494999878545084,11.282912031020834
331,0.15282880235121232,0.7592420131999836,3.439583333333333,-1.5480119675536903,0.7975724614333944,24.33153199202083
332,0.2648052902277737,0.8927804996558286,2.13125,-1.5586079806217488,1.5071742739457732,34.6656247485
333,0.23614988978692142,0.1437016641697372,1.2604166666666667,0.9245466765655287,-1.5302961908349373,7.04648147425
334,0.2355620867009552,0.0037656395513625133,5.5125,2.0809435741149875,-1.305471854197352,4.704192565166667
335,0.19897134459955912,0.7366076851439445,2.4458333333333333,-1.0708801896799518,0.6336380493018217,25.6670886486875
336,0.2010286554004409,0.21273838927804992,3.8041666666666667,-0.1520922723982204,-0.5349801171789604,7.475789836375
337,0.5939750183688466,0.063044094424424,2.4187499999999997,1.335208310787658,0.8912492683657215,10.801794386479166
338,0.49213813372520215,0.6176863586670445,1.9270833333333333,0.43082848175999766,0.9427715121785017,29.286609029395834
339,0.33122703894195443,0.726039599951411,2.225,-0.11095297937039852,-1.0806475175597665,25.57197697366667
340,0.25231447465099194,0.4360853544964975,1.6187500000000001,-1.2135140395990307,0.5048324397698719,14.462903361562502
341,0.21410727406318886,0.20152245211969064,2.0083333333333333,1.0256678056834625,-1.1930596858785594,7.90261746325
342,0.4246877296105805,0.7365267036482163,1.0374999999999999,-1.6230087120295236,1.244879214535257,32.22145366191666
343,0.026010286554004405,0.6677329230270882,3.547916666666667,1.027410468625639,-0.670811487230835,14.034846164479168
344,0.1422483468038207,0.7836174434141797,3.4458333333333333,-0.7412523822690545,-1.4389613040759182,21.747253102291666
345,0.5742836149889788,0.3776572053285824,2.0500000000000003,-1.859559646939501,1.4743873915194585,19.518157822062502
346,0.22116091109478325,0.7286310078147142,1.4583333333333333,-1.0347043741392226,0.9287199911386527,25.338162373291667
347,0.5958853783982367,0.6220188686885046,2.4187499999999997,-0.45061665818936864,1.4322328283999113,30.125492139625
348,0.21204996326230718,0.8322468315989795,4.760416666666667,-1.2339280912073902,-0.3968068269537778,28.8708038125625
349,0.9304922850844969,0.11114710288699031,4.3187500000000005,2.0455301736114615,-1.12748592102593,17.752679932333333
350,0.12770022042615725,0.6068348382394623,3.7687500000000003,-0.03468035666904228,-0.7434110126033886,14.772072688437499
351,0.21851579720793535,0.8348787302101469,2.0854166666666667,-0.7042674732194577,1.326846420601043,30.941068245229165
352,0.21866274797942692,0.7798922946106813,2.9166666666666665,-0.34426754024490425,1.2284857733220995,27.991642983458334
353,0.18971344599559148,0.36356642507187104,2.797916666666667,0.3504637130426369,-0.9565257483744329,10.831055690041666
354,0.5031594415870685,0.3955136251366562,2.216666666666667,0.45121141438724693,1.4860969923859995,20.061562010437502
355,0.11770756796473185,0.41916022188929825,1.41875,-0.4713574590993861,-1.3640198585300563,10.219585649916667
356,0.2204261572373255,0.8230149410859617,2.8958333333333335,-0.7175397186630031,1.415839387186754,30.366024146333334
357,0.3570903747244673,0.7624407822812487,1.7437500000000001,-1.0396522921357618,1.2870337776548042,28.92778977625
358,0.10227773695811902,0.7075758189253755,2.8479166666666664,-0.2786220495927173,-1.56542499343456,18.171404693166668
359,0.7801616458486409,0.2776045673563591,4.435416666666667,-0.7809135236941372,-0.20008553239589058,18.411030742791667
360,0.05716385011021309,0.6508887719156171,3.1687499999999997,0.03872931977016487,-0.2398981753421297,15.756332295
361,0.5066862601028657,0.5081183949467546,1.5208333333333333,-0.3651328170793628,1.2027246514157097,22.0849421714375
362,0.0861131520940485,0.7929708061707899,2.30625,-1.2692170157864755,1.0481579199773698,23.156060695062504
363,0.11476855253490083,0.4202129813337652,2.9499999999999997,0.3659765251261238,-1.216478887611641,9.5858685999375
364,0.4558412931667892,0.44843503259505196,2.13125,-0.04894840950811704,1.1067059243100743,21.985722829645834
365,0.8367376928728878,0.14005749686196703,1.225,1.5800213351824213,0.9732164744315079,17.5023349529375
366,0.5576781778104336,0.32874438190873384,2.7125,-1.30960945326765,1.2917176180014205,18.218476825583334
367,0.18339456282145483,0.5355306312507592,3.4562500000000003,0.23269392903069064,-2.368703612879266,13.215986270145834
368,0.44364437913299054,0.3045309146859942,2.4625,0.1620227229291899,-0.6309988442845959,14.427667133395834
369,0.37913299044819987,0.4640239705227355,1.73125,-1.6371989674158227,1.465019710826226,21.007360451500002
370,0.16914033798677441,0.13017775438312346,2.279166666666667,0.6648587792000397,-1.682521002099969,5.810807482583333
371,0.5069801616458487,0.3181358059683362,1.7562499999999999,0.05947012068018232,0.14417673308041198,16.43007626589583
372,0.5876561351947098,0.21484390816698382,1.4833333333333334,0.48478879500526484,0.8022563017800108,17.103828036645833
373,0.5249081557678179,0.2531886463942989,2.341666666666667,-0.031070554860247623,1.4181813073600622,14.655397844770834
374,0.14562821454812636,0.008462566303599628,2.089583333333333,1.1692196655452958,-1.6661275608868116,3.529204059229167
375,0.3423952975753123,0.44053933676154994,2.8312500000000003,0.3412991731056527,0.49546475907663906,17.792081731854164
376,0.4740631888317414,0.07887597683929222,1.75,0.31257635354084157,-0.10875064563687153,9.222986697395834
377,0.21322556943423954,0.023606106004777905,2.8312500000000003,1.1378984110577743,-2.5068769031044487,4.734060317041666
378,0.12329169728141075,0.7472162610843421,1.7375,-0.2825119222315055,-0.2914204191549096,23.19450793791667
379,0.07038941954445262,0.47584726889905654,1.3499999999999999,0.8893199899486645,-1.0665959965199174,10.449868541770833
380,0.3681116825863336,0.7376199538405473,2.4479166666666665,0.5477269343008552,1.2823499373081877,29.67661352764583
381,0.7398971344599561,0.23703283799651775,1.0041666666666667,1.8241341825022022,-0.24692393586205424,17.254444948979167
382,0.12049963262307127,0.45916508077904195,2.2729166666666667,0.19788734865881577,-1.5865022749943336,10.32931841675
383,0.08317413666421748,0.5309146859942503,3.4104166666666664,-0.6884745903059784,-0.11109256581017979,12.5441610201875
384,0.1734019103600294,0.20265619305988578,4.016666666666667,-0.1477978530049986,-1.0384929544402193,6.6531868028125
385,0.2151359294636297,0.10094343442523382,2.091666666666667,-1.1086119542761956,-0.9026615843883448,5.931456061020833
386,0.5556208670095519,0.4262056120176539,1.9937500000000001,0.17703763131491182,1.233169613668716,20.273508005958334
387,0.3838354151359295,0.7012997530064379,2.80625,-0.37952534584287867,1.5188838748123141,31.067292542520832
388,0.30609845701689936,0.27319107583917074,3.060416666666667,0.16346975555081933,-0.6918887687906086,10.078131171208334
389,0.150330639235856,0.3196339636393084,2.4291666666666667,1.0787256684765305,-0.7551206134699294,8.801503353854168
390,0.5653196179279942,0.2468315989796331,1.4708333333333332,1.633374828296037,0.9802422349514325,14.961324571645832
391,0.5322556943423955,0.4643478965056484,2.997916666666667,-0.5788113008732664,-0.20476937274250698,20.8368147186875
392,0.0393828067597355,0.6257845082398672,3.5583333333333336,-0.672121565732514,-0.827720138842483,13.073148308708333
393,0.5346069066862602,0.809855448030125,2.4270833333333335,-0.917572529240038,1.219118092628867,33.80679599
394,0.2761204996326231,0.6820261570231202,3.0854166666666667,-0.5766329721955454,0.572748124795809,28.726530005541665
395,0.2605437178545188,0.89978539903632,2.2604166666666665,-1.6848888059673635,1.4439424292664522,34.195094466791666
396,0.12240999265246143,0.4964165688140259,2.2979166666666666,-0.18207541069799826,-0.7270175713902313,12.105338032812499
397,0.03717854518736223,0.6563145321294084,2.44375,-0.2947572412984097,-0.23287241482220514,14.589282602687499
398,0.40646583394562824,0.6920678624934201,2.06875,0.12293728265464783,-0.9869707106274394,26.541723075770832
399,0.1908890521675239,0.6553022634328055,1.9104166666666667,-0.22262344308472543,0.4322329143973182,23.447194909625
400,0.1299044819985305,0.6804470178564198,2.59375,-0.09389977772195195,-1.0642540763466093,17.362859317770834
401,0.08714180749448937,0.4826902052880916,3.877083333333333,-0.8347026825432979,-1.2375561691714145,10.473779159958333
402,0.1529757531227039,0.669838441916022,1.3916666666666666,0.6959622008197891,0.3666591495446891,19.870206401770833
403,0.09595885378398238,0.04790055472324573,2.470833333333333,1.4550163880623284,-1.7715139686856798,3.1654781706875
404,0.160470242468773,0.50216625501073,1.3291666666666666,-0.4741581673993136,-0.6801791679240677,12.4883754243125
405,0.27626745040411466,0.907276187391181,4.129166666666666,-1.7629663295731168,1.310452979387886,34.9222960715
406,0.26407053637031597,0.8329756650605336,2.6395833333333334,-1.135452075483833,1.247221134708565,31.830359020062502
407,0.07832476120499633,0.7776653034781551,1.2770833333333333,-1.326849368802759,-0.20242745256919872,21.221896810375
408,0.36458486407053636,0.4564522006721463,1.5416666666666667,-0.873056826761748,0.1207575313473301,15.8732119505
409,0.43556208670095514,0.2766327894076203,2.40625,-2.0311497087817183,0.11373177082740556,12.670723908854166
410,0.05789860396767084,0.626472850953557,1.6604166666666667,0.0635155882245219,-0.5326381970056522,14.034354972166668
411,0.6479059515062455,0.42389763938939945,1.2979166666666666,1.2519183578459292,0.8280174236864006,25.334629184395833
412,0.3177075679647318,0.6668016358262135,2.25625,-0.990406504528705,1.258930735575106,26.087744142687498
413,0.5772226304188098,0.08976798801473862,1.3104166666666666,0.4841975343641696,1.0458159998040615,12.103411875666666
414,0.2893460690668626,0.8128112726242053,1.6020833333333335,-2.069332698604061,1.4486262696130687,33.11202258970833
415,0.045407788390889034,0.5986557071709113,3.204166666666667,-0.4965015958365124,-1.0783055973864584,12.536058841645833
416,0.49052167523879503,0.6167550714661698,2.3541666666666665,-1.4061094136907037,1.4837550722126915,27.152337437916668
417,0.4313005143277003,0.31805482447260797,2.5791666666666666,0.5509477488457719,1.3572913828540498,16.225275462
418,0.6221895664952243,0.09916184151921285,3.1291666666666664,2.1079859686998415,-1.0267833535736783,12.479481429208333
419,0.5567964731814843,0.48552455763857955,2.6479166666666667,-0.3407044169077745,1.6781344465972703,22.953689789
420,0.6897869213813373,0.48179940883508116,2.6395833333333334,-0.46065252959744113,0.5165420406364127,25.888452535270833
421,0.5022777369581192,0.23670891201360486,5.866666666666667,0.918416237286799,-0.7457529327766966,15.612890722416667
422,0.5394562821454814,0.6673280155484471,1.7458333333333333,-0.2139568068455051,1.3807105845871315,31.607330302375
423,0.41322556943423966,0.5742802769567154,4.554166666666666,0.7222110613863312,-0.6122634828981304,23.962143793312503
424,0.11711976487876562,0.4103332388549216,3.641666666666667,0.10778233885393021,-0.31718154106129964,9.837084873479167
425,0.49478324761205,0.5880876219783778,1.59375,-1.429401971051766,1.308111059214578,26.312259329083332
426,0.20911094783247614,0.3218609547718346,1.4458333333333335,0.3894557963738482,-0.9963383913206721,9.769506174854167
427,0.1991182953710507,0.6322225371502611,2.3854166666666665,-0.9405850157711082,0.8748558271525644,20.721088675562502
428,0.36605437178545197,0.6104790055472324,2.31875,-0.417179312986347,-0.1860340113560415,23.688895205770834
429,0.5049228508449671,0.2903591529335547,1.5062499999999999,-0.6434921031110338,1.2612726557484142,15.167617108208333
430,0.571932402645114,0.01741102158156861,3.5854166666666667,1.9359602411220804,-0.8956358238684202,9.669849680708333
431,0.42747979426891997,0.2731505850913066,2.3854166666666665,0.32717115568157473,-0.42022602868685954,12.7050370365
432,0.052020573108008825,0.7770174515123294,1.9395833333333332,-1.637899144490804,0.4673617169969409,20.184330515979166
433,0.6792064658339457,0.19990282220512612,1.7625,-1.9883144312833845,1.153544327776238,16.5048848799375
434,0.27641440117560623,0.4938251609507227,2.220833333333333,-1.3127057918881253,0.4017879521443118,15.931021039083333
435,0.35914768552534904,0.17884763331578732,1.8020833333333333,-0.12105108874069206,0.37836875041123014,9.498292704520834
436,0.14459955914768552,0.352107543426327,2.1374999999999997,0.393812453729291,-1.3476264173168992,8.7102746955625
437,0.3135929463629684,0.5342754180669715,3.9770833333333333,-0.7064146829160689,-1.07596367721315,20.264822780020832
438,0.06627479794268921,0.5163785075110336,1.9625000000000001,-0.38162587706782386,-1.1649566437988612,10.49094967875
439,0.17736958119030122,0.6256630359962748,3.4916666666666667,1.0626993932047237,-0.16495672979626788,21.76319308291667
440,0.637619397501837,0.4020326355427784,1.9583333333333333,1.6568229805626522,-0.27268505776844415,21.307158407208334
441,0.7825128581925056,0.197716321820464,3.047916666666667,-0.15987201767579626,0.11138985065409751,19.389767037354165
442,0.2070536370315944,0.3876584200510183,1.8645833333333333,1.0753181400449523,-0.5958700416849732,12.1793903060625
443,0.6167523879500368,0.2052071101753249,3.4000000000000004,1.2999971836613489,-0.542005877698885,15.868744272166666
444,0.15165319617927997,0.2190954366927157,4.795833333333333,1.05411055441828,-2.3124975287198697,6.4936995971250004
445,0.4077883908890522,0.04619994331295298,1.7770833333333333,1.481545319458863,-1.5092189092751638,7.672080101166667
446,0.6205731080088172,0.2055310361582378,1.90625,1.1489456493519319,0.9685326340848914,16.354663652062502
447,0.2988978692138134,0.07523180953152205,2.939583333333333,0.6131079136136042,-1.4787739470221573,6.637853785562499
448,0.29551800146950774,0.675547637364862,2.3333333333333335,-0.8781758991543926,1.2120923321089423,26.37737246352083
449,0.19132990448199855,0.46495525772361007,4.747916666666667,-0.2451380259180302,-0.5256124364857276,15.283930046145834
450,0.4061719324026452,0.010446612948941166,3.3666666666666667,1.8171635307334941,-0.101724885116947,7.237051905854167
451,0.26024981631153565,0.44373810584281487,2.5208333333333335,-2.26919435478499,0.2144343382796574,14.670334750729166
452,0.40808229243203537,0.08239867190347006,2.6666666666666665,0.19309502556782904,-1.9729191035901834,8.8866614054375
453,0.16061719324026452,0.7306555452079199,2.9645833333333336,-1.0926479169666092,0.2144343382796574,22.5383355186875
454,0.04335047759000736,0.5222901566991942,2.4229166666666666,1.0312692222833175,-0.9494999878545084,10.565105669958333
455,0.4030859662013226,0.2919787828481191,3.404166666666667,0.6236416887194421,-0.4740901926729477,12.593729102645833
456,0.48096987509184425,0.3767259181277078,2.65625,0.21209316353566943,0.0762610480544748,18.398730503604167
457,0.6354151359294637,0.27051868648013927,1.9791666666666667,1.467619575412003,-0.01975767905116074,16.1864179691875
458,0.02821454812637765,0.6920273717455561,1.675,-1.4261500375257394,-0.5373220373522686,14.362725615416666
459,0.45951506245407797,0.8358505081588856,2.6395833333333334,-0.8045950683190785,1.3198206600811186,34.25037741820834
460,0.5285819250551066,0.4281491679151313,2.3291666666666666,-1.5084130640908282,1.308111059214578,21.001964127020834
461,0.1772226304188097,0.30651496133133577,1.1291666666666667,1.539395505342919,-1.1438793622390875,9.259598050479166
462,0.19279941219691404,1.0,2.308333333333333,-2.097931042244431,1.3736848240672068,36.37606670341667
463,0.21351947097722263,0.27404138154431706,1.6291666666666667,-0.021952693394928297,-1.9377903009905608,9.7820850781875
464,0.6583394562821456,0.5550471717212616,2.8375,-0.7763545929614776,1.4931227529059241,24.899083755854164
465,0.09316678912564293,0.8262946916629549,4.395833333333333,-2.102630008392087,1.036448319110829,24.432586664270833
466,0.6296840558412933,0.5114791270194761,3.1020833333333333,-1.4334007601244403,0.7366825369273817,27.131124102833336
467,0.01807494489346069,0.6874114264890472,1.4145833333333335,-1.8362826490689932,0.08328680857439935,14.590470960541667
468,0.40352681851579725,0.1421630157509009,2.2333333333333334,0.16525909696466176,-0.9846287904541311,9.8810432240625
469,0.5373989713445997,0.5165404705024901,1.9791666666666667,-0.9925070357536503,0.9451134323518098,22.724850542625003
470,0.5819250551065394,0.45491355225331004,2.5124999999999997,-0.035131581895142344,1.3408979416408922,20.507844093270833
471,0.49066862601028655,0.3792768352431469,1.5687499999999999,1.3310850457905432,-1.0478606351334518,18.270354092895833
472,0.4969875091844233,0.5457342997125156,1.9604166666666665,-0.973866766068578,1.0130291173777473,23.2404492551875
473,0.6398236590742103,0.4565736729157387,2.7083333333333335,-0.9260680110831513,1.5188838748123141,23.548264966083334
474,0.3027185892725937,0.7062801149937238,2.8562499999999997,-0.9236874090282126,1.3432398618142007,27.22893166275
475,0.8831741366642176,0.337773818682431,2.0416666666666665,-1.448384549529052,1.4673616309995339,24.406659903041668
476,0.4708302718589273,0.5412398266995991,2.810416666666667,-1.678991759046961,0.3104530653852927,23.433697803312498
477,0.2099926524614254,0.5916103170425556,1.875,-1.5969465653496437,0.7273148562341489,16.8434638345625
478,0.09081557678177811,0.44442644855650476,1.40625,0.34036560367234336,-1.9893125448033406,10.393987178979167
479,0.05804555473916238,0.6960359557841033,2.1,-0.7929565693838246,-0.31718154106129964,17.191295165208334
480,0.4499632623071272,0.32489776086164307,3.6625,-0.2749655693122567,-0.2797108182883687,14.483676365437502
481,0.11080088170462897,0.7954812325383649,3.3249999999999997,-0.667749348886516,0.3479237881582237,23.54845637258333
482,0.5118295371050698,0.6622261813175689,2.0729166666666665,0.8031204122731218,1.1722796891627032,29.499662742958336
483,0.6571638501102132,0.49305583674130454,2.1437500000000003,-0.11994636491127622,1.308111059214578,23.572356890958332
484,0.7700220426157239,0.48370247398469446,1.9145833333333335,-0.47089067438273197,1.3151368197345024,27.350694771416666
485,0.4089639970609846,0.37907438150382633,1.710416666666667,-1.3880137261750614,0.37368491006461363,15.897987998916667
486,0.6248346803820721,0.3193505284042596,1.8541666666666667,-0.6035042123842931,1.3807105845871315,18.337865128375
487,0.1638501102130786,0.3191885654128031,2.3312500000000003,0.05330856242034239,-1.4787739470221573,8.424790116
488,0.3083027185892726,0.5646434789650564,3.4104166666666664,0.03645763414911261,-0.6427084451511368,19.635636171729168
489,0.4254224834680382,0.6401992144794914,3.0875,-1.0791733981458476,0.6312961291285136,28.894775365833336
490,0.7479794268919914,0.05142324978742357,3.6750000000000003,0.9686111538177197,-0.801959016936093,12.973553074729168
491,0.10492285084496693,0.3884682350083006,1.3479166666666667,1.0763606259121474,-1.6239729977672643,10.248924457187501
492,0.5113886847905952,0.41239826699599136,1.6854166666666668,0.8376624813055588,0.7858628605668534,22.3445190703125
493,0.25613519470977225,0.6005587723205247,4.702083333333333,-1.2442907119171216,0.46970363717024916,19.046998681895833
494,0.1894195444526084,0.04069320160343361,2.3312500000000003,2.2056528909145316,-1.2797107322909618,4.5790515115
495,0.3803085966201323,0.6690286269587399,3.00625,-0.6206818899571813,0.4626778766503246,28.071770826999998
496,0.38853783982365914,0.3533222658622504,2.8208333333333333,0.9951556447048093,-0.4178841085135514,16.939353963229166
497,0.35664952240999265,0.6761954893306878,4.302083333333333,-0.9310470480607996,0.46033595647701636,27.074824839
498,0.7081557678177812,0.3778596590679029,1.8416666666666668,-0.7729470645298993,1.5493288370653204,22.068583644354167
499,0.4113152094048494,0.019799975705551278,6.622916666666666,2.4215097033861555,-1.1110924798127728,7.675974937208334
500,0.18692138133725206,0.23541320808195323,1.8708333333333333,1.057922629604292,-1.1181182403326975,7.894788491375
501,0.6718589272593682,0.19253350609385753,2.6458333333333335,1.4464897872381053,-1.4787739470221573,15.5242201314375
502,0.49066862601028655,0.3672915738753694,2.125,-0.1980083290264744,1.2542468952284895,21.592425387208333
503,0.44217487141807493,0.5818925375551686,1.46875,0.996696034269769,0.9942937559912816,24.755929399312503
504,0.08802351212343866,0.38020812244402147,2.097916666666667,0.0036271090777418294,-1.736385166086057,8.968552534375
505,0.6364437913299046,0.30153459934404986,1.33125,0.3208695620067375,0.4064717924909283,17.6337948309375
506,0.4076414401175607,0.3869295865894643,1.9354166666666666,-0.0129281888729398,1.4860969923859995,20.567435676979166
507,0.26833210874357094,0.10450662023727578,1.7270833333333335,0.25710676971172436,-1.1485632025857038,7.507410301875001
508,0.44819985304922855,0.640806575697453,1.5854166666666665,-1.6134085063569945,1.12544128569654,24.655405519541663
509,0.33460690668626014,0.08794590436085353,1.55,1.181807293404414,0.20506665758642462,7.434034029666667
510,0.33739897134459956,0.8484431307446247,1.5416666666666667,-1.6202546822012616,1.322162580254427,33.35109683302083
511,0.45349008082292436,0.2882536340446208,1.8104166666666668,0.7343785830004597,-0.5068770750992623,13.215677415666667
512,0.15356355620867007,0.25173097947119083,1.9395833333333332,0.7381906581864717,-1.1579308832789366,8.033421773291666
513,0.6224834680382073,0.5044337368911204,1.98125,-0.4947589328943348,1.3807105845871315,25.268986783625
514,0.12608376193975024,0.3250192331052354,3.110416666666667,0.8103555753812672,-0.21647897360904783,9.5125508799375
515,0.3371050698016165,0.32757015022067454,4.09375,1.3203645567980427,-0.2656592972485196,15.367592690562498
516,0.7063923585598826,0.3737700935336275,2.2729166666666667,0.3062436408848946,1.3572913828540498,22.214038331437497
517,0.32916972814107276,0.20378993400008097,1.9583333333333333,-1.1542168210933463,0.7202890957142244,9.839973474833334
518,0.6916972814107275,0.3308499007976677,3.5625,-0.6247740359731858,1.4837550722126915,19.711775559520834
519,0.09948567229977957,0.7821597764910717,1.5562500000000001,-1.8167243694411672,0.7905467009134699,24.491692556458332
520,0.5171197648787657,0.3672915738753694,2.5479166666666666,1.435006883208404,1.0832867225769927,17.658637660604168
521,0.4605437178545188,0.5077539782159776,2.0416666666666665,0.31948476734732917,1.4275489880532952,22.813928913229166
522,0.24555473916238063,0.24294448718467826,1.4124999999999999,0.08500324468118703,-1.0244414334003702,9.130290242666666
523,0.9473916238060253,0.12989431914807464,2.325,0.8490209094108201,0.13715097256048744,17.583343247520833
524,0.17296105804555473,0.5508361339433939,2.7916666666666665,0.5449262260009282,-0.556057398738734,14.972828633145832
525,0.3707567964731815,0.4489614123172854,1.8208333333333335,-0.5286475033234566,-0.29376233932821777,20.3425440604375
526,0.7250551065393095,0.500020245373932,0.8979166666666667,1.186739651910397,-0.8698747019620302,26.3071907265625
527,0.09654665686994858,0.6472446046078469,2.345833333333333,-0.2980714127866572,-0.39446490678046964,17.15211463725
528,0.24673034533431304,0.7209782564683969,1.9291666666666665,-1.2764988573662863,0.15822825412026106,25.439447752020836
529,0.023952975753122704,0.5955784103332388,2.810416666666667,0.07949518502466289,-1.1438793622390875,11.261229548416667
530,0.4471711976487877,0.5749686196704052,1.9958333333333333,-1.0164375322274748,-0.11343448598348783,25.021969129104168
531,0.3234386480529023,0.7586751427298861,2.0875,-0.3638413793632853,-0.905003504561653,28.183904141499998
532,0.122556943423953,0.7858444345467059,2.36875,-0.7659608532706359,0.6008511668755072,24.521590411375
533,0.509184423218222,0.4943920314208203,2.05625,-1.1383772597082011,1.401787866146905,22.367958692479167
534,0.9147685525349011,0.49803619872859045,2.0729166666666665,0.8600214692333132,0.8584623859394073,27.8837935921875
535,0.9096252755326967,0.09782564683969712,1.3395833333333333,1.968993039570668,-0.024441519397777035,17.226289665791665
536,0.29698750918442324,0.47483500020245367,3.6916666666666664,1.9499949016028277,-0.8932939036951121,16.715482827166667
537,0.4017634092578987,0.007733732842045591,3.3625000000000003,2.133487973719736,-0.07362184303724884,7.0866231353749995
538,0.3200587803085967,0.42223751872697085,2.1875,0.3222543566661458,-0.26800121742182786,17.87943229254167
539,0.11418074944893462,0.4168522492610438,2.3041666666666667,0.23642820676392748,-1.1719824043187856,9.456768807604167
540,0.027626745040411474,0.5793416204397294,1.5958333333333332,-0.43320558825815336,-1.9424741413371769,10.790731239020834
541,0.5360764144011757,0.06806494715957404,3.2312499999999997,2.4253217785721697,-0.5747927601251994,11.227529509145834
542,0.24408523144746513,0.8969915374336963,2.8166666666666664,-1.4030597535418936,1.5259096353322388,34.743669579791664
543,0.22645113886847906,0.825970765680042,2.504166666666667,-1.538318404937831,0.1301252120405629,28.234854114375
544,0.5907421013960324,0.23873344940681052,3.36875,-0.45855199837249594,-0.08533144390378966,16.039456551604165
545,0.19853049228508451,0.7172531076648985,2.6458333333333335,-1.0901583984777852,0.40412987231762004,23.44705687702083
546,0.24908155767817786,0.3477345426570028,1.8958333333333333,-1.492573502705684,-0.05957032199739974,12.927502559062502
547,0.7493019838354152,0.358545572336721,2.0416666666666665,0.23829534563054508,1.090312483096917,22.47462518279167
548,0.36429096252755333,0.10041705470300034,2.829166666666667,0.7104947649983007,-1.073621757039842,8.182020627604166
549,0.27523879500367376,0.5876827144997367,1.9229166666666666,0.43509178217210914,-0.7855655757229358,20.470959986791666
550,0.3127112417340191,0.5595011539863141,1.5583333333333333,-0.06712189447653513,0.6804764527679854,18.978239917416666
551,0.02939015429831006,0.6791108231769041,1.6333333333333335,0.3551471196997382,-1.228188488478182,13.456802054041667
552,0.4789125642909626,0.3408916062679678,1.8,0.05542465313584327,0.9638487937382754,17.2556666756875
553,0.17369581190301253,0.4398105032999959,1.4666666666666668,-0.8322442830355841,-0.5232705163124195,12.597520715437499
554,0.47112417340191043,0.5173097947119083,2.6958333333333333,-1.0385631277969005,1.2565888154017977,23.97895975464583
555,0.03468038207200587,0.6338826578126897,3.0875,-2.0561226911227375,-0.724675651216923,12.816681112708332
556,0.0645113886847906,0.572417702554966,1.2333333333333334,0.10347235997015275,-2.090015112255592,11.559618151020834
557,0.5798677443056578,0.421225250030368,2.4875000000000003,-0.4833071478457432,1.387736345107056,22.0845209405
558,0.3810433504775901,0.8168603474106166,1.9479166666666667,-1.4919978015551427,1.3619752232006659,33.06533883177084
559,0.30345334313005146,0.09624650767299671,2.222916666666667,1.9057903889356405,-0.057228401824091495,7.383680555312499
560,0.7000734753857459,0.34664129246467174,2.4895833333333335,-0.9514610996691593,1.4978065932525406,21.799136361062498
561,0.09463629684055842,0.6675304692877676,2.9458333333333333,-0.4643245693684574,0.30108538469206014,18.439118663541667
562,0.5246142542248348,0.6105194962950965,1.83125,-0.13167822078986083,1.3057691390412696,24.864612806770833
563,0.12476120499632627,0.6989512896303194,3.03125,1.315821185555938,0.3198207460785255,20.651830704708335
564,0.7857457751653198,0.3222658622504757,1.575,0.6362137570880053,0.8818815876724889,20.7980256614375
565,0.7914768552534903,0.4168117585131797,1.9520833333333334,0.3125607940502864,0.38071067058453817,23.732861011312497
566,0.8364437913299045,0.5069036725108312,1.7020833333333334,0.40541983368343454,1.1722796891627032,28.324376728666667
567,0.24775900073475388,0.23002793861602622,2.2270833333333333,-0.7729626240204543,-0.2890784989816015,8.550650746083333
568,0.11594415870683321,0.7881119164270963,3.154166666666667,-0.5008115747202893,0.61021884756874,24.122968239229166
569,0.48096987509184425,0.37247438960197593,1.5354166666666667,0.33541768567580477,1.376026744240515,18.894915844104165
570,0.05863335782512859,0.6145685710815078,5.835416666666667,0.5040203253314328,-1.0267833535736783,13.535021941104167
571,0.1391623806024982,0.3145726201562942,2.0,0.6715493601387554,-1.1204601605060056,8.6240468933125
572,0.287582659808964,0.6793537676640887,2.502083333333333,0.32704667975713364,-0.06191224217070799,24.150019801333332
573,0.8906686260102866,0.06612139126209661,1.7041666666666666,1.490958811244731,-0.0525445614774752,15.92044848225
574,0.07847171197648788,0.5128153216989918,4.410416666666666,-0.296359868825591,-1.0291252737469865,11.718813004749999
575,0.2323291697281411,0.8004615945256508,2.0749999999999997,0.2281661172791418,0.7319986965807652,29.304478648875
576,0.16355620867009552,0.010689557436125844,3.7770833333333336,1.6688660262523396,-0.9026615843883448,3.8691331902500004
577,0.03512123438648053,0.6672470340527189,2.216666666666667,-0.6663801137176628,-1.0291252737469865,13.401809886166667
578,0.2834680382072006,0.5190104061222011,2.9,1.1917031293974902,0.6921860536345262,22.633075641854166
579,0.2099926524614254,0.2827873830829655,1.2791666666666666,0.9956535484025738,-1.8534811747514663,8.6029260589375
580,0.5027185892725938,0.3848645584483945,2.058333333333333,0.7068071657367297,1.139492806736389,19.69683268075
581,0.040117560617193224,0.6678948860185446,2.2083333333333335,-0.10373337575280762,-0.4740901926729477,13.983381083145835
582,0.3299044819985305,0.539782159776491,3.0895833333333336,-0.17466909319374624,-0.38041338574062056,19.494288375416666
583,0.455253490080823,0.5387698910798882,2.5166666666666666,-1.5753966709307585,-0.09235720442371421,24.4453258615
584,0.03482733284349741,0.002550917115439122,3.1166666666666667,1.1670880153392396,-0.9377903869879675,1.958976032625
585,0.42072005878030866,0.3032757015022067,1.75,-1.0502171862227099,1.0949963234435331,15.226526674145832
586,0.7360764144011758,0.4410657164837834,2.2041666666666666,-0.058315222822318574,0.8490947052461743,23.591128554520836
587,0.955914768552535,0.20605741588047127,1.9291666666666665,1.2640392009883923,0.26127274174582094,20.396702190125
588,0.009698750918442314,0.6021379114872251,3.252083333333333,-0.5657257693163837,-0.853481260748873,11.114170987
589,0.5000734753857459,0.33344130866097094,2.1083333333333334,-0.06200282208388998,0.050499926148084684,17.8455992060625
590,0.25378398236590743,0.7836579341620439,2.8312500000000003,-1.2151322266167666,0.23551161983943103,28.547537011708332
591,0.3926524614254225,0.014293233996031905,1.71875,2.4391386061851428,-0.35231034366092234,6.996860468416667
592,0.24114621601763414,0.15034214681945174,1.9291666666666665,0.4820036461958925,-1.4717481865022326,7.310474611083333
593,0.006906686260102865,0.6220998501842327,1.9916666666666665,-1.049423652204397,-1.228188488478182,11.677689431375
594,0.1553269654665687,0.24679110823176903,1.8812499999999999,-1.1150224643849178,-0.7363852520834641,7.340966258562499
595,0.4789125642909626,0.34801797789205163,2.4604166666666667,0.23963346181828854,1.1371508865630804,17.627029528958335
596,0.417340191036003,0.4790865287281855,1.5729166666666667,0.3776928215141533,-0.9471580676812003,18.59259452425
597,0.6042615723732551,0.6233145726201562,2.560416666666667,0.037935785751851775,1.1324670462164643,30.937839827791667
598,0.15900073475385745,0.7870591569826293,2.3020833333333335,-0.3635768680238474,-0.6052377223782058,23.1660499688125
599,0.4492285084496694,0.5070251447544235,1.7479166666666668,-0.44736472466334165,1.6312960431311068,23.82784999654167
600,0.6335047759000736,0.27804996558286427,1.9000000000000001,-0.5942774344850879,1.0715771217104515,19.4544065545625
601,0.30609845701689936,0.6401587237316272,2.1583333333333337,-0.5773331492705273,1.2519049750551816,27.26071018758333
602,0.468626010286554,0.7431671862979309,1.9729166666666667,0.35163067483427335,-0.2492658560353624,29.97031861716667
603,0.22380602498163116,0.08308701461715996,2.0229166666666667,1.9816273459014517,-1.6497341196736546,5.6741495620833335
604,0.14401175606171934,0.14771024820828438,4.220833333333333,0.414444338205422,-0.6544180460176776,5.808283815916667
605,0.5371050698016167,0.37632101064906665,1.6895833333333332,-0.05948218461395498,1.219118092628867,20.384425800666666
606,0.6414401175606173,0.24626472850953554,2.0187500000000003,-0.6593783429678444,0.9989775963378981,17.058183196125
607,0.06906686260102866,0.5089282099040369,2.4916666666666667,1.397119523706608,-0.23755625516882145,11.514264114125
608,0.5329904481998531,0.46098716443292703,3.0833333333333335,-0.3854535117443915,0.32450458642514185,22.516948352229168
609,0.2824393828067598,0.025833097137304122,4.266666666666667,0.7557262040421281,-0.6380246048045205,5.593161744791666
610,0.6571638501102132,0.550552698708345,2.8979166666666667,0.8738071778651771,0.08797064892101564,27.49677054072917
611,0.6130786186627482,0.32080819532736765,1.8604166666666666,0.29496301023240945,-0.050202641304166955,19.12032456675
612,0.31050698016164585,0.7109365509980968,3.09375,-0.2787465255171584,-0.5115609154458786,26.739968719208335
613,0.11594415870683321,0.7687978296959144,1.4333333333333333,-0.47009714036441885,-0.6192892434180549,20.487872555020832
614,0.1488611315209405,0.265052435518484,2.2937499999999997,0.5823312412955137,-0.9120292650815776,7.9003274027708335
615,0.624540778839089,0.3544964975503097,2.3604166666666666,-0.7050921262188811,1.4978065932525406,22.698105556791663
616,0.7734019103600296,0.38911608697412636,1.9708333333333332,-0.4559380039592306,0.6547153308615953,23.2922355243125
617,0.4551065393093315,0.29226221808316794,2.185416666666667,-0.7799488352797177,1.2542468952284895,17.556167103520835
618,0.786333578251286,0.3882252905211159,1.3812499999999999,1.2326868275197607,0.23316969966612278,24.17909663954167
619,0.19426891991182954,0.035429404381098914,1.5541666666666665,1.272410206907064,-0.2492658560353624,4.398584791104167
620,0.18589272593681117,0.6292262218083167,2.9125,-0.48196903165800026,0.7296567764074572,19.675989092416668
621,0.7620867009551802,0.3715026116532372,3.2458333333333336,0.2629104596887961,0.5680642844491928,22.506929879625
622,0.10815576781778106,0.374296473255861,1.4166666666666667,0.7574688669843056,-1.2703430515977292,9.648620272854167
623,0.7826598089639972,0.15852127788800258,2.002083333333333,2.2106941658544006,0.6242703686085891,17.573447958854167
624,0.2705363703159442,0.8392922217273352,2.764583333333333,-1.0343465058564545,1.5657222782784774,32.3807477425
625,0.040852314474651,0.5563428756529133,4.2250000000000005,-0.48971765795446587,-0.8675327817887221,10.5767345480625
626,0.2423218221895665,0.296918654087541,1.9645833333333333,-0.6306866423841435,-0.18369209118273336,10.179029397041667
627,0.7199118295371052,0.08936308053609748,2.7604166666666665,0.02131824983894959,0.612560767742048,14.105310478229166
628,0.8761204996326232,0.4677086285783698,2.733333333333333,0.3062436408848946,0.753075978140539,27.831112584458335
629,0.3588537839823659,0.31356035145969147,1.9541666666666666,0.049294213857113085,-0.17900825083611696,13.234506342270834
630,0.16135194709772227,0.7736972101874721,2.1125000000000003,0.03488612560304208,-0.7082822100037659,22.91808680054167
631,0.4681851579720793,0.3834473822731505,2.6750000000000003,-0.12988887937601837,1.0575256006706024,18.459756857416668
632,0.0650991917707568,0.6200753127910272,3.3937500000000003,1.002624200171282,-0.813668617802634,13.491569007270833
633,0.32755326965466575,0.3597198040247803,2.46875,-1.476796179282759,0.6992118141544508,12.683827546041668
634,0.7977957384276269,0.5125318864639429,2.5124999999999997,0.46852912737513136,0.6664249317281363,27.575411248958332
635,0.630418809698751,0.0623962424585982,3.1604166666666664,-0.43756224561359625,1.312794899561194,11.661125768083332
636,0.7679647318148421,0.4463295137061181,2.1999999999999997,0.9604424212762648,0.5563546835826517,27.643951705333333
637,0.0429096252755327,0.13058266186176457,2.4895833333333335,0.775455638066061,-1.56542499343456,3.300392229854167
638,0.33754592211609113,0.8522897517917154,1.7604166666666667,-0.6313401409874604,1.3736848240672068,34.28903443775
639,0.1526818515797208,0.6011256427906223,3.485416666666667,-1.0270335452955333,0.8701719868059479,18.299428673458333
640,0.37046289493019846,0.1811960966919059,1.7708333333333333,0.6419552091028565,-0.06893800269063254,10.886699987645834
641,0.17531227038941954,0.40867311819249297,2.629166666666667,-1.0555852104642367,-0.16495672979626788,13.1719216665
642,0.023071271124173412,0.5737134064866177,1.71875,1.3023777857162873,-1.7527786072992144,11.025184344145833
643,0.0799412196914034,0.45329392233874555,2.954166666666667,1.5897771357605013,-0.9143711852548856,9.605200257583332
644,0.027626745040411474,0.6480544195651293,2.4229166666666666,-0.8088583687311904,-0.06659608251732428,14.145247218833333
645,0.2459955914768553,0.6963598817670162,2.308333333333333,-0.3267631133703581,1.3151368197345024,29.70386154514583
646,0.7864805290227775,0.10669312062193788,2.220833333333333,-0.7044853060872297,1.3245045004277352,14.217915085958333
647,0.9838354151359298,0.2668745191723691,2.0791666666666666,1.2243936190538647,0.29171770399882735,22.679592338708332
648,0.22424687729610582,0.17346236384986027,2.6833333333333336,0.5397760346271722,-0.8206943783225584,6.957993628791667
649,0.7638501102130788,0.4003725148803498,1.06875,0.2047802029747477,0.3104530653852927,21.954318910958335
650,0.43100661278471714,0.49844110620723153,1.6291666666666667,-0.36016933959226904,0.15354441377364478,20.478438204770836
651,0.18368846436443792,0.8290075717698505,2.285416666666667,-0.3767713160146166,1.0551836804972945,32.870987551999995
652,0.76017634092579,0.1340648661780783,1.5395833333333335,0.32377918674055095,1.2753241767882633,16.731486731729166
653,0.019544452608376187,0.5597845892213628,2.347916666666667,-0.8471969534590854,-0.5068770750992623,10.884951936437501
654,0.8051432770022043,0.2814511884034498,2.15625,-1.41902379085148,1.621928362437874,20.137374088416667
655,0.20896399706098462,0.8980847876260273,2.408333333333333,-0.782796222051311,0.5938254063555827,32.567385844229165
656,0.6615723732549598,0.44240191116329913,2.060416666666667,-0.15210783188877552,-0.07596376321055708,23.780832031458335
657,0.32652461425422485,0.502490180993643,2.566666666666667,-0.6470241074670532,-1.7153078845262835,16.7913077115
658,0.03967670830271859,0.6795157306555452,2.3312500000000003,-0.41067544593429295,0.4579940363037081,15.841291720354166
659,0.02586333578251286,0.6746568409118515,2.185416666666667,0.1814876456136855,-0.7387271722567721,14.107151310791666
660,0.39823659074210144,0.30368060898084787,2.2895833333333333,0.6520377589825954,-1.3265491357571255,13.734967161645834
661,0.8808229243203529,0.48532210389925895,2.225,-0.42620381750833497,0.9732164744315079,29.8614348643125
662,0.22762674504041147,0.837389156577722,2.525,-0.7566873968997652,1.3338721811209677,31.413891853479168
663,0.06113152094048495,0.5626594323197148,2.8395833333333336,0.6557564772252765,-1.2820526524642701,12.217592897625002
664,0.37634092578986045,0.7653966068753288,1.6208333333333333,0.748537719405648,-0.20711129291581512,29.712219786020835
665,0.46906686260102864,0.5578815240717496,4.6000000000000005,-0.6351988946451378,-0.2914204191549096,21.99465185027083
666,0.554592211609111,0.31522047212212007,1.7208333333333332,0.04932533283822336,-0.16261480962295974,18.440446494666666
667,0.13592946362968406,0.8379155362999554,1.6708333333333334,-1.9496490972538316,1.0387902392841368,26.8444332651875
668,0.015723732549595887,0.6593918289670809,2.74375,-1.8537092784907638,0.21677625845296564,13.683401326583335
669,0.18530492285084493,0.8552050856379316,3.2541666666666664,-1.5045387509425956,-0.050202641304166955,29.353629777104164
670,0.1820720058780309,0.870024699356197,2.7687500000000003,-1.2804198489861849,1.3057691390412696,30.831314506895833
671,0.05922116091109479,0.6482568733044499,1.8333333333333333,-0.7720290545871455,-0.7785398152030113,14.580135017833333
672,0.4196914033798677,0.8240272097825646,1.9000000000000001,0.16331416064526794,-0.5537154785654258,32.64372173320833
673,0.8176340925789862,0.6039195043932462,2.6437500000000003,-1.0577013011797376,1.5305934756788548,30.797352756583333
674,0.5725202057310802,0.23083775357330846,3.4958333333333336,-0.29878714935219464,-0.07127992286394058,16.0103074536875
675,0.12211609110947837,0.517552739199093,1.3166666666666667,-0.0027211630687602887,-0.44130331024663316,13.183780455875
676,0.4099926524614254,0.592055715269061,1.9875,0.13300427304383164,0.19101513654657554,23.17819137554167
677,0.06039676708302717,0.5729845730250637,2.8166666666666664,-0.7576209663330745,-0.07362184303724884,12.833535579375
678,0.6840558412931669,0.49823865246791105,2.9812499999999997,-1.4300399101645271,1.4416005090931443,26.683546204187497
679,0.32505510653930936,0.15609183301615578,1.8416666666666668,-0.6938737335286166,-0.41554218834024326,8.69549006725
680,0.7488611315209406,0.37911487225169044,1.425,1.0328407308293874,0.39944603197100376,23.5609796898125
681,0.879794268919912,0.3437664493663197,2.689583333333333,0.5466533294525495,0.23785354001273928,25.365352613041665
682,0.7457751653196181,0.4948374296473255,1.5520833333333333,-0.42884893090271103,0.6149026879153563,26.328180123770835
683,0.2166054371785452,0.8801473863222253,2.775,-0.6260187952175978,0.16759593481349386,32.074250171833334
684,0.12402645113886847,0.4439405595821354,1.2020833333333334,1.3242544294368301,-1.1696404841454775,10.440337673291667
685,0.5268185157972081,0.4788435842410009,2.8229166666666665,-0.002238818861550482,1.1582281681228541,22.501612541083333
686,0.5923585598824395,0.2880106895574361,2.3666666666666667,0.08696374049113653,1.1043640041367662,17.28481487135417
687,0.010286554004408532,0.5803538891363323,2.6020833333333333,-0.9244653835559705,-0.6731534074041432,10.855849400416666
688,0.4164584864070537,0.46374053528768666,2.779166666666667,-1.1743819208528232,0.09733832961424843,19.164618091937502
689,0.1908890521675239,0.9638012714094828,3.4375,-0.6330828039296369,0.6172446080886645,34.68413809675
690,0.32108743570903747,0.017249058590112158,2.9499999999999997,2.6077412458407725,-0.49985131457933774,6.056602893875
691,0.7935341660543719,0.317002065028141,1.4833333333333334,0.8598036363655402,-0.6731534074041432,20.818736890520835
692,0.6001469507714917,0.38506701218771505,3.1750000000000003,-0.9161099371278539,1.2706403364416468,20.06756001297917
693,0.5503306392358561,0.5926630764870227,2.1437500000000003,-1.440449209345924,1.7296566904100505,28.051115979791664
694,0.41763409257898615,0.7095193748228529,1.8520833333333335,1.1791466205194823,1.2425372943619486,31.452002566895832
695,0.3376928728875827,0.4832570757581892,1.5562500000000001,-1.1615920196164882,0.05986760684131747,16.951891375020832
696,0.2174871418074945,0.2597886382961493,2.9333333333333336,1.2106857078747755,-0.4014906673003942,9.186251194125001
697,0.2611315209404849,0.3253836498360124,0.9083333333333333,0.8296804626507667,-0.335916902447765,11.668740579687501
698,0.1585598824393828,0.31497752763493536,2.5541666666666667,-0.33356261074295923,-1.670811401233428,9.042757601749999
699,0.8145481263776636,0.15337895290926024,2.21875,1.6335304232015884,0.010687283201845676,16.7553706626875
700,0.38074944893460694,0.01275458557719561,2.466666666666667,1.843163439451153,-0.6356826846312122,6.901215700145833
701,0.08861131520940484,0.458841154796129,3.6125000000000003,0.260763249992185,-1.0829894377330747,10.843032829854167
702,0.3180014695077149,0.22144390006883424,2.8166666666666664,0.4928330516222786,-1.8347458133650008,9.394731900270832
703,0.09346069066862601,0.006235575171073409,2.064583333333333,1.232842422425312,-1.6497341196736546,2.803725538208333
704,0.04746509919177076,0.5593391909948576,1.65625,0.06465143103504803,-1.799617010765378,11.168018459
705,0.6505510653930935,0.06065514030044134,1.6291666666666667,1.6225454228696514,1.1722796891627032,11.636044690833332
706,0.2245407788390889,0.9332307567720775,2.1979166666666665,-0.3456678943948677,0.9053007894055706,35.06098775602083
707,0.3872152828802352,0.15564643478965054,1.8291666666666666,0.5690434363614132,0.27532426278567,10.596910493104167
708,0.6386480529022779,0.4944325221686844,2.841666666666667,-1.1779139252088426,0.9170103902721116,23.9149765775
709,0.2405584129316679,0.370004453982265,2.0520833333333335,0.07384708995314358,0.4462844354371673,10.829327277729165
710,0.6789125642909626,0.4088350811839494,1.8708333333333333,-1.1834219848653669,1.0832867225769927,22.939373341875
711,0.36120499632623077,0.4847957241770255,2.1083333333333334,-0.27230489642732547,-0.7293594915635395,17.02797195464583
712,0.16473181484202792,0.01542697493622707,1.51875,1.9054791991245377,-1.1017247991195402,3.8985001661250003
713,0.040558412931667884,0.6297930922784143,2.127083333333333,0.013740777938590513,-1.8605069352713908,12.438909318708333
714,0.0,0.6123415799489815,3.5208333333333335,0.18599989787467974,-0.8628489414421057,11.108414476645834
715,0.7227038941954447,0.353524719601571,2.3916666666666666,-1.2797507908923134,1.1980408110690932,23.148530521312498
716,0.17501836884643646,0.15022067457585941,2.5812500000000003,0.32667325198380925,-0.6989145293105331,6.449493265979167
717,0.2821454812637767,0.7852775640766084,3.252083333333333,-0.35724415536790094,1.219118092628867,31.37130035454167
718,0.003967670830271858,0.621128072235494,2.4875000000000003,-1.7047427159157376,-0.8113266976293257,11.690853059895835
719,0.03864805290227773,0.6819451755273919,2.4375,-0.41221583549925317,-1.7598043678191388,14.231792792625
720,0.4730345334313006,0.28448799449325823,2.9875000000000003,-0.0665150743448837,-0.6380246048045205,16.048344229958335
721,0.4819985304922852,0.6358667044580313,2.3895833333333334,-0.046256617642075525,1.5399611563720879,27.84829305175
722,0.3322556943423953,0.04316313722314451,2.379166666666667,2.1332857003425194,-0.5677669996052749,6.443688861125
723,0.09831006612784716,0.5969955865084827,1.4979166666666668,0.4132773764137856,-0.20242745256919872,14.800501457104167
724,0.32211609110947836,0.6675709600356318,3.2729166666666667,-1.0263800466922164,1.6102187615713333,27.82641052558333
725,0.2808229243203527,0.4965785318054824,5.345833333333334,-0.49447886206434233,0.18398937602665097,19.237069242145832
726,0.5015429831006614,0.642223751872697,2.9187499999999997,-1.2193488485572128,-0.09469912459702245,25.604709002291667
727,0.08273328434974285,0.7741021176661133,3.110416666666667,-0.6127776687551638,-0.5630831592586586,20.438856429666668
728,0.587950036737693,0.3855124104142203,2.704166666666667,1.2944735645142698,0.8397270245529417,21.876818558312497
729,0.8166054371785453,0.19504393246143253,1.65625,1.4135814647139588,0.8116239824732435,17.209348862916666
730,0.48699485672299786,0.588856946187796,2.735416666666667,-0.42240730181287756,0.3174788259052173,26.987259258875
